class,nose_x,nose_y,nose_z,left_eye_inner_x,left_eye_inner_y,left_eye_inner_z,left_eye_x,left_eye_y,left_eye_z,left_eye_outer_x,left_eye_outer_y,left_eye_outer_z,right_eye_inner_x,right_eye_inner_y,right_eye_inner_z,right_eye_x,right_eye_y,right_eye_z,right_eye_outer_x,right_eye_outer_y,right_eye_outer_z,left_ear_x,left_ear_y,left_ear_z,right_ear_x,right_ear_y,right_ear_z,mouth_left_x,mouth_left_y,mouth_left_z,mouth_right_x,mouth_right_y,mouth_right_z,left_shoulder_x,left_shoulder_y,left_shoulder_z,right_shoulder_x,right_shoulder_y,right_shoulder_z,left_elbow_x,left_elbow_y,left_elbow_z,right_elbow_x,right_elbow_y,right_elbow_z,left_wrist_x,left_wrist_y,left_wrist_z,right_wrist_x,right_wrist_y,right_wrist_z,left_pinky_x,left_pinky_y,left_pinky_z,right_pinky_x,right_pinky_y,right_pinky_z,left_index_x,left_index_y,left_index_z,right_index_x,right_index_y,right_index_z,left_thumb_x,left_thumb_y,left_thumb_z,right_thumb_x,right_thumb_y,right_thumb_z,left_hip_x,left_hip_y,left_hip_z,right_hip_x,right_hip_y,right_hip_z,left_knee_x,left_knee_y,left_knee_z,right_knee_x,right_knee_y,right_knee_z,left_ankle_x,left_ankle_y,left_ankle_z,right_ankle_x,right_ankle_y,right_ankle_z,left_heel_x,left_heel_y,left_heel_z,right_heel_x,right_heel_y,right_heel_z,left_foot_index_x,left_foot_index_y,left_foot_index_z,right_foot_index_x,right_foot_index_y,right_foot_index_z
1,0.45668903,0.189536572,-0.710442603,0.470613152,0.178138256,-0.67275703,0.476713598,0.178477257,-0.672690511,0.484463751,0.178859651,-0.672579288,0.446009576,0.177603036,-0.673492551,0.436073929,0.177704483,-0.673540473,0.428186029,0.177879274,-0.673547029,0.494657993,0.185401559,-0.435961366,0.417456895,0.184624672,-0.442865878,0.471106887,0.203276947,-0.622270703,0.438853085,0.202334329,-0.623934507,0.560082376,0.268378377,-0.276185066,0.354262114,0.269793808,-0.287364274,0.59054184,0.359058768,-0.122707896,0.324544251,0.365539789,-0.19400169,0.579171419,0.447506607,-0.271796465,0.313506782,0.446758926,-0.353636205,0.580205083,0.474745899,-0.326735616,0.308435589,0.471091211,-0.416229218,0.568902552,0.473432869,-0.39438194,0.322875023,0.471787751,-0.481521428,0.56490761,0.464619458,-0.299689144,0.329589725,0.464003175,-0.382873207,0.512353301,0.454773486,0.004424182,0.389495015,0.450055778,-0.004810026,0.506040692,0.586706161,0.020884605,0.363947093,0.583239257,0.062015194,0.497270197,0.673406363,0.626101136,0.364974707,0.670247674,0.605030596,0.483073115,0.680775344,0.67300266,0.375184178,0.676383555,0.64766717,0.510536075,0.722719789,0.436005533,0.342810214,0.71897459,0.402450562
1,0.456523895,0.190039337,-0.718535006,0.470457464,0.178589165,-0.680860758,0.476569235,0.178893387,-0.680797219,0.484214991,0.179238737,-0.680684268,0.445683539,0.178162903,-0.682069719,0.435761571,0.178293943,-0.682110369,0.427919358,0.178494573,-0.682115376,0.494384289,0.185663223,-0.441917896,0.417337388,0.185138762,-0.450588763,0.471171647,0.203674003,-0.629314959,0.438900411,0.202780291,-0.631492436,0.560013771,0.268027693,-0.281578183,0.354763746,0.269590437,-0.293950945,0.591204524,0.358711869,-0.132279634,0.324109018,0.365579545,-0.209345624,0.580258965,0.447149098,-0.28758353,0.314628005,0.44675678,-0.379183441,0.581520021,0.474471897,-0.344186455,0.309427589,0.471199691,-0.44439891,0.569098473,0.47324881,-0.412344247,0.324058771,0.471505463,-0.510432422,0.564960182,0.464603037,-0.315828562,0.331083834,0.463846028,-0.40886268,0.513498962,0.454856545,0.002495826,0.390381575,0.450578451,-0.002868755,0.50693208,0.586725593,0.022482576,0.361935437,0.582541585,0.064287618,0.498396635,0.674150348,0.619782448,0.365760028,0.66988641,0.607596815,0.484038502,0.681713402,0.665449679,0.376993209,0.67612648,0.650092483,0.511397004,0.722109973,0.42638275,0.342044026,0.71767199,0.407639921
1,0.456355363,0.190135449,-0.696973205,0.470362842,0.178987592,-0.659985542,0.47642839,0.179329097,-0.659922302,0.484089881,0.179677129,-0.659815013,0.44574213,0.178366572,-0.661053658,0.435893208,0.178323954,-0.661091626,0.428032994,0.178379983,-0.661094606,0.494274318,0.186093509,-0.427249998,0.417324543,0.185060412,-0.435691118,0.470848262,0.203906745,-0.610314965,0.438909233,0.203013822,-0.61234951,0.559989691,0.267990232,-0.274549812,0.354911447,0.26940465,-0.292181313,0.590918601,0.358997852,-0.131673679,0.324721783,0.365112394,-0.214470163,0.580513477,0.448220789,-0.277127057,0.314640075,0.447641939,-0.371186078,0.581136823,0.475661188,-0.331991881,0.309378207,0.471751511,-0.435139924,0.568609059,0.47425586,-0.398308784,0.323931277,0.471879244,-0.497868717,0.564429402,0.465520442,-0.304455012,0.330859959,0.464422554,-0.399507314,0.512776494,0.456370592,0.00704355,0.389719546,0.451938063,-0.007438432,0.509400129,0.58818388,0.033135742,0.359401792,0.582398891,0.064918309,0.498625815,0.673946559,0.632056892,0.365170032,0.668920994,0.608384848,0.483267605,0.681474328,0.678928435,0.377128571,0.674867213,0.651627958,0.513584077,0.721697509,0.450635076,0.342002064,0.716515541,0.416370422
1,0.455828995,0.19032523,-0.704344213,0.469373971,0.179927886,-0.667878985,0.475596905,0.180173784,-0.667811513,0.483250976,0.180384427,-0.667695522,0.444820434,0.179028004,-0.668306828,0.435207993,0.178759664,-0.668343723,0.427194923,0.178630114,-0.66834569,0.493532002,0.186395824,-0.436769515,0.416829765,0.185745746,-0.442525476,0.470248491,0.204873115,-0.618375361,0.438657582,0.204094023,-0.619639158,0.559128225,0.269040704,-0.285293847,0.354313761,0.268629193,-0.296938241,0.590757549,0.358403176,-0.147955105,0.32388863,0.365077019,-0.218674093,0.580668688,0.446897328,-0.300523341,0.315046966,0.447827667,-0.377427757,0.581419468,0.474351823,-0.357190996,0.309447348,0.471777529,-0.441698283,0.568732202,0.473267645,-0.423698008,0.323255152,0.471514851,-0.504983485,0.564427614,0.46489343,-0.328021675,0.329552174,0.464460611,-0.406016976,0.512589991,0.454602182,0.006422043,0.390266716,0.451013863,-0.006840723,0.508269846,0.586713195,0.031073742,0.36100927,0.580858767,0.06492842,0.498148799,0.674932063,0.620371819,0.36541304,0.668471992,0.604504108,0.483039081,0.682587504,0.666018724,0.37768957,0.674446166,0.647227824,0.513231277,0.722702801,0.434625804,0.341816992,0.71624893,0.411564976
1,0.455896378,0.192504302,-0.749930799,0.469655901,0.182032645,-0.713914156,0.475804001,0.182179719,-0.713857889,0.48315388,0.182247967,-0.713739514,0.445013523,0.181052923,-0.714493155,0.435811222,0.180718929,-0.7145316,0.428136438,0.180514306,-0.714543581,0.493644327,0.187722206,-0.474187523,0.417720675,0.187492073,-0.480784684,0.470573008,0.206962496,-0.659749985,0.439386278,0.20615384,-0.661338151,0.558937669,0.268638372,-0.307852924,0.355270386,0.269865483,-0.313007295,0.590235233,0.359813333,-0.166338846,0.322578341,0.366744369,-0.218487427,0.579964697,0.449378073,-0.33667028,0.315686941,0.447928727,-0.388139039,0.579835176,0.476670027,-0.397009015,0.311439931,0.4715949,-0.451772094,0.567182481,0.475464195,-0.46650064,0.323775977,0.471667469,-0.520138562,0.563322723,0.466622531,-0.365438432,0.328832746,0.464627028,-0.418426126,0.511361599,0.456116498,0.004679294,0.390816212,0.452292532,-0.005004205,0.511717856,0.588120818,0.048346452,0.365019977,0.582891762,0.073687159,0.496922612,0.677421212,0.629351735,0.365319103,0.670574665,0.592113912,0.483313233,0.686217129,0.672971606,0.377135605,0.67823565,0.631169319,0.515343726,0.72390461,0.431576252,0.340001464,0.718475699,0.380919814
1,0.461069137,0.192383707,-0.64676851,0.472432494,0.181424141,-0.609336019,0.47868365,0.181670308,-0.609300375,0.487237662,0.181836933,-0.609225035,0.448655486,0.179968387,-0.611060619,0.439352453,0.179589093,-0.611048281,0.430788577,0.179452866,-0.611028731,0.495033294,0.187156677,-0.381314248,0.417764693,0.186966777,-0.392717183,0.473324001,0.207337528,-0.562161684,0.443160117,0.206558496,-0.565092623,0.557647049,0.269198239,-0.234976977,0.35582763,0.269146413,-0.258215725,0.589342773,0.359178752,-0.090782359,0.323571622,0.366058797,-0.190014288,0.58093214,0.446090877,-0.226836041,0.315891832,0.447152138,-0.350167871,0.582507968,0.473876864,-0.280720055,0.310942799,0.470789999,-0.414081365,0.56877327,0.473064512,-0.348225325,0.32588464,0.470853865,-0.478182763,0.564381838,0.464632928,-0.25456965,0.332005143,0.463912398,-0.379192829,0.512485325,0.453689009,0.010110511,0.392081112,0.450794458,-0.01040382,0.509837091,0.588024735,0.003588862,0.363710374,0.585134625,0.028650034,0.500325501,0.674849749,0.584831238,0.36635831,0.672078431,0.556948602,0.484036326,0.682122469,0.629730582,0.376224995,0.678282857,0.598377645,0.513368309,0.722885489,0.408115655,0.345057428,0.721658766,0.36793837
1,0.458390057,0.191524684,-0.70193553,0.471085876,0.181228012,-0.664997995,0.477341592,0.1813564,-0.664951742,0.485156476,0.181422085,-0.66487056,0.446397513,0.180240154,-0.665605426,0.436671913,0.179886073,-0.665622294,0.428540677,0.179674327,-0.66562593,0.494263977,0.186486781,-0.429938585,0.417587906,0.186678499,-0.435374886,0.4720954,0.205976173,-0.613866806,0.441259086,0.205297202,-0.61518091,0.55742532,0.268349469,-0.27487269,0.356036007,0.2686342,-0.281673789,0.590727687,0.35962069,-0.131136745,0.325237036,0.364974678,-0.199824199,0.579366088,0.450573862,-0.281412691,0.315790534,0.447247922,-0.36756435,0.580192864,0.477378041,-0.337954968,0.310274303,0.47150737,-0.431401819,0.567775726,0.476635516,-0.405325711,0.32523185,0.471999317,-0.498124242,0.563634217,0.468043387,-0.309064567,0.331827253,0.46478039,-0.397453815,0.511094987,0.455001414,0.001817917,0.389803112,0.451014429,-0.002157527,0.510822594,0.588945508,0.002336108,0.361716419,0.585276723,0.052106973,0.500065565,0.675106406,0.610065043,0.366556764,0.670595765,0.603047252,0.4840101,0.681993365,0.657155216,0.376716435,0.676817775,0.646583378,0.513763487,0.722642899,0.425406575,0.343168229,0.720437288,0.40879041
1,0.45792833,0.19412753,-0.706337631,0.470280975,0.183561116,-0.669592559,0.476642877,0.183639437,-0.6695683,0.484831452,0.183655381,-0.669484973,0.446318001,0.182620734,-0.670657277,0.436832964,0.182185262,-0.670667171,0.428529263,0.181951195,-0.670678616,0.494547427,0.188313067,-0.430447519,0.417326242,0.188593566,-0.438137233,0.471474826,0.208332568,-0.616206765,0.441202164,0.207720786,-0.618168294,0.556896567,0.268067628,-0.27225396,0.356158495,0.269636035,-0.275939316,0.591540217,0.357727915,-0.135937482,0.326110065,0.365705609,-0.196059138,0.582160592,0.446917355,-0.311399251,0.316782475,0.447858274,-0.381042063,0.582346022,0.474200726,-0.373439461,0.311011851,0.471824706,-0.448098361,0.569803119,0.473315179,-0.44204995,0.325019002,0.471704662,-0.517296553,0.565772057,0.465185404,-0.340260357,0.331311047,0.464851558,-0.41215542,0.511754513,0.453685105,-0.00153944,0.390349925,0.450903893,0.001249167,0.507502079,0.586608946,0.008748044,0.363574564,0.584185779,0.062727943,0.496249855,0.675920486,0.599608123,0.367851168,0.668539762,0.613246858,0.482711524,0.683435857,0.644709826,0.378700972,0.673923612,0.656645834,0.509811223,0.724974155,0.407963127,0.34393388,0.718279302,0.41904211
1,0.459397137,0.194883525,-0.57816726,0.470944822,0.183527887,-0.542065799,0.477604449,0.183706015,-0.542053163,0.48626709,0.18380332,-0.541977346,0.446780741,0.182222009,-0.542770624,0.437277317,0.181818157,-0.54273349,0.42872864,0.181685448,-0.542710483,0.495036155,0.18904984,-0.323999494,0.41650942,0.188895226,-0.330238909,0.472295344,0.209636375,-0.497247994,0.442118466,0.208975226,-0.498632461,0.556714654,0.268692017,-0.194738597,0.355678976,0.27081719,-0.212630078,0.590273023,0.357501715,-0.064869218,0.32601434,0.366538733,-0.169898763,0.583372116,0.441998422,-0.199832648,0.316801488,0.447899401,-0.34296152,0.584092736,0.471451193,-0.253947914,0.310397625,0.472043753,-0.408760101,0.570195735,0.470597416,-0.318507463,0.32486096,0.472000748,-0.469699025,0.565728784,0.462793201,-0.226358175,0.331238449,0.465359151,-0.371471733,0.511962891,0.45609194,0.007813315,0.392832816,0.452082098,-0.008061403,0.510480106,0.587660134,0.008000892,0.363905787,0.584976971,0.05078562,0.500151753,0.67487067,0.576057434,0.36654982,0.672205806,0.551267624,0.484948188,0.682569742,0.620247066,0.375218242,0.678517818,0.590249658,0.514723837,0.722106636,0.404833049,0.343703747,0.721159935,0.362249672
1,0.45890671,0.196339637,-0.663519323,0.469980419,0.185217828,-0.625958622,0.476959199,0.185398281,-0.625954568,0.485481232,0.185444236,-0.625865579,0.446813852,0.18407914,-0.626733005,0.437625587,0.183585405,-0.626743734,0.429018736,0.183431119,-0.626752734,0.495091021,0.190453917,-0.387970239,0.417253464,0.190396279,-0.394755214,0.471403211,0.211059242,-0.574631035,0.442144275,0.210508391,-0.576259971,0.557763755,0.269695878,-0.240359038,0.356572032,0.270641029,-0.245476484,0.590511322,0.357498139,-0.121451125,0.325007409,0.365667492,-0.203591853,0.582363605,0.442271173,-0.311001033,0.31681335,0.446184337,-0.427908212,0.58300662,0.471865416,-0.37562874,0.310562313,0.47146979,-0.502151012,0.571758032,0.470796049,-0.445037752,0.324543089,0.47110039,-0.56895113,0.567079067,0.463007271,-0.340606213,0.330614686,0.46456179,-0.459623069,0.510677218,0.456426054,0.001395298,0.391095042,0.451421827,-0.001667814,0.511128128,0.587892652,0.017282376,0.363907278,0.581412137,0.077290669,0.498646975,0.676646233,0.595031083,0.368585259,0.669106245,0.618243992,0.48296845,0.683928311,0.638947368,0.379955828,0.674889684,0.660015881,0.51357466,0.722495735,0.402286619,0.343500197,0.717626035,0.419332594
1,0.456595749,0.198160648,-0.626109004,0.468161255,0.18620038,-0.590716124,0.475595295,0.186088771,-0.590720236,0.484374911,0.186191678,-0.590658367,0.443916321,0.185006768,-0.590944946,0.434605479,0.184610724,-0.590937912,0.426143765,0.184406459,-0.590931833,0.49518767,0.191245735,-0.362402588,0.416062325,0.190654695,-0.366022646,0.469869733,0.212296084,-0.540206671,0.440697998,0.212177962,-0.540922701,0.558282197,0.270318031,-0.220121399,0.358443916,0.270641506,-0.228040531,0.589467704,0.358186841,-0.099267073,0.325113773,0.365695685,-0.188016191,0.583564639,0.441419691,-0.269091159,0.316240937,0.4463799,-0.395516455,0.5856812,0.471186459,-0.329184383,0.308948666,0.471741378,-0.466474354,0.572119474,0.470196247,-0.398234606,0.323251039,0.471562862,-0.531526327,0.566870928,0.46252957,-0.297968417,0.32929197,0.465097964,-0.426457822,0.511446834,0.456244648,0.002839336,0.39233309,0.451330811,-0.00309399,0.50923562,0.588081717,0.004747271,0.365192711,0.582206011,0.058551352,0.497250289,0.676679194,0.580420911,0.36894086,0.66841352,0.589642167,0.483116984,0.683562815,0.625004828,0.378571093,0.673831463,0.631410599,0.509447634,0.724884212,0.396678507,0.344206214,0.718124211,0.399479836
1,0.4578453,0.198851794,-0.55952847,0.469007224,0.187009573,-0.525271714,0.476064384,0.186870813,-0.525279224,0.484732747,0.186853677,-0.525222063,0.444728762,0.18582952,-0.525070608,0.435156345,0.185329467,-0.525049508,0.426464051,0.185095668,-0.525032938,0.494146734,0.191552013,-0.308995008,0.415229976,0.191534847,-0.310956448,0.470516711,0.212993547,-0.478330404,0.441226035,0.213098645,-0.478508025,0.558279276,0.270410031,-0.178670526,0.358225137,0.2709153,-0.193593189,0.588866472,0.358661622,-0.054831829,0.326338559,0.365852147,-0.162842989,0.584958911,0.441523463,-0.195519686,0.317402065,0.446630388,-0.351770461,0.586926818,0.471546888,-0.249890745,0.310286164,0.472271979,-0.419117153,0.573350132,0.470670521,-0.315849483,0.32430625,0.472202867,-0.479980677,0.568224013,0.462982833,-0.222691581,0.330887854,0.465565383,-0.380874753,0.51181221,0.457121313,0.006816177,0.39371267,0.452099085,-0.007063309,0.510531723,0.588709235,0.004977228,0.367605209,0.58317852,0.055378061,0.499462098,0.674948454,0.570519805,0.3682715,0.671985269,0.547256052,0.483498514,0.682065487,0.614890635,0.37720567,0.678032577,0.585316181,0.515191257,0.722174585,0.400261194,0.343048304,0.720632017,0.354595244
1,0.457558692,0.198922351,-0.62231493,0.468867958,0.187527776,-0.588033199,0.475910813,0.187655389,-0.588008881,0.484405339,0.18769452,-0.58791399,0.445218503,0.186237991,-0.588067174,0.43590638,0.185720176,-0.588051081,0.427273214,0.185532838,-0.588044763,0.494175255,0.192254722,-0.36631462,0.415704846,0.191951603,-0.369350553,0.470339239,0.213335112,-0.539021552,0.44085294,0.212843269,-0.539509118,0.557641089,0.270804107,-0.222574085,0.35667628,0.271617562,-0.236873075,0.589378476,0.36024344,-0.086007267,0.3266702,0.366220653,-0.191326529,0.583684742,0.445104182,-0.229105338,0.31698969,0.448052704,-0.381036252,0.584598124,0.473687708,-0.283721179,0.310174286,0.472940028,-0.447780073,0.571278155,0.472724527,-0.350820661,0.323795378,0.472819239,-0.5126881,0.566654205,0.465177715,-0.256643444,0.330173969,0.466080099,-0.411350876,0.510857344,0.457949072,0.006491201,0.393164754,0.453105628,-0.006722054,0.510103285,0.588597238,0.01837755,0.365965009,0.585918546,0.062427178,0.499658316,0.677424908,0.572913468,0.367746532,0.673097968,0.551826894,0.484074831,0.685798705,0.614649773,0.376539409,0.679511905,0.588616252,0.514337838,0.724014759,0.389527559,0.345347315,0.721933424,0.35165906
1,0.458430231,0.200078681,-0.613653541,0.469672024,0.188686222,-0.578634024,0.476829201,0.188740164,-0.578620017,0.48515293,0.188802034,-0.578513563,0.446669757,0.188047022,-0.578949869,0.437390655,0.187595427,-0.578930736,0.428761065,0.187480509,-0.578922629,0.495243758,0.193476826,-0.354828298,0.416578919,0.193347842,-0.359114528,0.470841169,0.214114934,-0.529582262,0.441268146,0.213438183,-0.530479312,0.55718863,0.270676494,-0.213054597,0.356131434,0.271255016,-0.223127216,0.5887205,0.362058103,-0.076665469,0.327053249,0.366514504,-0.176715925,0.583541811,0.445961177,-0.22534053,0.316500276,0.449133456,-0.3717646,0.585006416,0.474263012,-0.281486869,0.309692025,0.473914146,-0.438753963,0.569940805,0.473424852,-0.348496377,0.324493974,0.474005163,-0.503628254,0.565075874,0.465916812,-0.252979428,0.331053376,0.466861963,-0.401925236,0.511424899,0.458380759,0.002038818,0.393351734,0.454222858,-0.002251217,0.512508571,0.588161528,0.025149107,0.369508743,0.5869627,0.076704428,0.502721965,0.677996218,0.577325642,0.371867508,0.672327876,0.565179348,0.488470048,0.686985493,0.618852913,0.379078031,0.678944588,0.602506876,0.517479122,0.725329697,0.392997324,0.347823113,0.723066747,0.368981183
1,0.455081969,0.200941831,-0.657636702,0.467900544,0.188795358,-0.621095598,0.474011362,0.188883901,-0.621092379,0.481906056,0.188918024,-0.621001363,0.443691224,0.188381553,-0.620714784,0.434110433,0.18826279,-0.620706141,0.426243603,0.188392729,-0.620719731,0.491627872,0.193460971,-0.387136936,0.41514948,0.193491518,-0.386936903,0.468849182,0.213987559,-0.569805861,0.438423187,0.213201791,-0.56949085,0.557726204,0.271496266,-0.236493647,0.355433166,0.273988962,-0.238902286,0.589602888,0.363549352,-0.10655199,0.325672567,0.368919373,-0.177302152,0.586136937,0.447296917,-0.280900985,0.312710583,0.450186551,-0.377536356,0.585538387,0.475151718,-0.342812032,0.307546198,0.475518137,-0.447598308,0.569039881,0.474870771,-0.413178921,0.323284239,0.476318836,-0.516090691,0.564775944,0.467389733,-0.310424358,0.329574227,0.468490273,-0.409356743,0.512118399,0.461815894,0.000434238,0.394125104,0.458599269,-0.00056995,0.519802094,0.591946185,0.014827023,0.36633876,0.58750701,0.075345583,0.504559755,0.678288043,0.604989588,0.374814659,0.677339196,0.594909668,0.490609795,0.686157525,0.649950445,0.381051838,0.685650706,0.634520829,0.52086693,0.725426316,0.417571992,0.348095506,0.72595048,0.392842263
1,0.456236899,0.200586945,-0.615882456,0.467947185,0.188955933,-0.579903483,0.474778056,0.189013243,-0.579885364,0.482932538,0.189073533,-0.579764605,0.444647104,0.188393354,-0.579702139,0.435328901,0.188031614,-0.57967037,0.426882118,0.188020021,-0.579668641,0.492768854,0.193820208,-0.354954392,0.415108502,0.19372502,-0.356429964,0.468964756,0.214299649,-0.5319435,0.438984394,0.213556334,-0.532018065,0.556289434,0.271556437,-0.216059744,0.354432106,0.27250272,-0.221861094,0.589185655,0.361789137,-0.088639207,0.325229555,0.36665526,-0.18679148,0.583117068,0.44483012,-0.248154223,0.315012455,0.448747307,-0.396763742,0.585259736,0.47319442,-0.306517303,0.307985514,0.473605484,-0.46637699,0.569478333,0.472529501,-0.373531461,0.322843611,0.473832697,-0.531383991,0.564620435,0.464726269,-0.275986314,0.329514533,0.466456473,-0.427503794,0.511891603,0.459816933,0.00054356,0.393684,0.45624876,-0.000695163,0.515312254,0.588120818,0.029900482,0.371864796,0.587957561,0.080058008,0.502359807,0.678688228,0.582315028,0.370921999,0.675593376,0.567968249,0.487066567,0.687953413,0.623459399,0.37869817,0.682325184,0.604791403,0.516307175,0.726159692,0.394225389,0.348038673,0.72507441,0.368857205
1,0.45795843,0.201128811,-0.651067555,0.468341231,0.189713866,-0.614614785,0.475830048,0.189776123,-0.614603102,0.483945221,0.189738184,-0.614480555,0.445394844,0.189010143,-0.615444958,0.435991466,0.188506663,-0.615418434,0.427494973,0.188313633,-0.615432322,0.492936462,0.194360644,-0.379406184,0.414518237,0.194298297,-0.385395825,0.469507813,0.21529761,-0.56261611,0.440729767,0.214918211,-0.564063609,0.556904435,0.273328334,-0.222754821,0.354584187,0.272756636,-0.234394893,0.585867405,0.363846004,-0.085811958,0.327004462,0.366930664,-0.174247295,0.582210779,0.448100626,-0.264868587,0.31458053,0.449901253,-0.378112763,0.58139503,0.476273775,-0.325621933,0.307970613,0.474826038,-0.446688086,0.567865968,0.474741399,-0.396421343,0.322949409,0.475121737,-0.516640306,0.564083636,0.46683985,-0.294962466,0.329038858,0.467846811,-0.410247028,0.510335267,0.460370123,0.001523929,0.392279208,0.455682933,-0.001652821,0.515719533,0.587063551,0.0284878,0.371117473,0.58657974,0.073976286,0.502854764,0.680995047,0.575544834,0.371781826,0.676697195,0.563476563,0.487882882,0.690661907,0.615157783,0.379125476,0.684525371,0.599651277,0.519150615,0.726697087,0.372630149,0.347537577,0.726988912,0.351917982
1,0.454030961,0.200833708,-0.637976348,0.465665489,0.188694,-0.601103365,0.472611248,0.188809514,-0.601087928,0.48090446,0.189024597,-0.600976348,0.441707015,0.188180566,-0.601581693,0.432258278,0.188119978,-0.601563513,0.423786372,0.188257307,-0.601564825,0.490940422,0.194440931,-0.369425416,0.412029088,0.19382441,-0.374414235,0.466966361,0.214446694,-0.551380217,0.436792374,0.213417321,-0.552469492,0.555475771,0.272296339,-0.222817004,0.352755815,0.273489892,-0.230533063,0.587561131,0.3634049,-0.086153418,0.323568583,0.368191183,-0.175993532,0.58219105,0.446570933,-0.253326923,0.311951041,0.450726986,-0.375843018,0.584975183,0.474500597,-0.313363582,0.305205792,0.475166619,-0.445462286,0.569728076,0.473719507,-0.382011801,0.321087539,0.47564584,-0.511816144,0.56460166,0.466049433,-0.282217383,0.327817917,0.468263,-0.406784236,0.511179149,0.45976156,0.001107699,0.391768306,0.456737608,-0.00129177,0.513376594,0.589505196,0.036354553,0.370619953,0.587690949,0.087004565,0.504753947,0.678456545,0.61340946,0.371518791,0.67461884,0.597352564,0.490212619,0.687517583,0.657356083,0.378127426,0.68142128,0.636838138,0.519754827,0.726018608,0.424859881,0.34741354,0.725263357,0.397060663
1,0.453546345,0.201742917,-0.703244686,0.464158624,0.190503478,-0.66823566,0.47188279,0.190629423,-0.668221354,0.480027527,0.190650672,-0.668124676,0.440920174,0.189432591,-0.669479132,0.431457102,0.188932478,-0.669486701,0.422968745,0.18884176,-0.669502795,0.48994267,0.195272952,-0.432131946,0.410814077,0.195111513,-0.440358698,0.465841174,0.216321856,-0.613598526,0.436287254,0.216051057,-0.615653932,0.554015934,0.272469968,-0.27071324,0.352711678,0.273851544,-0.280516744,0.586830378,0.361919701,-0.143259242,0.325003862,0.369191408,-0.220395789,0.58084023,0.446947992,-0.335188776,0.314721555,0.451702684,-0.431519687,0.583130598,0.474346071,-0.400150418,0.307743609,0.47599715,-0.503259122,0.569350719,0.473238766,-0.470532835,0.321049303,0.475934684,-0.573085487,0.564816833,0.465253919,-0.365119457,0.326904655,0.469214052,-0.463613123,0.508845448,0.458712637,0.000897067,0.390545368,0.454223812,-0.001135111,0.508106411,0.590479016,0.023598658,0.366168708,0.587230325,0.085098371,0.498503834,0.682968199,0.569510877,0.368227094,0.673982143,0.606925726,0.485121489,0.691861928,0.609161139,0.378587186,0.680589795,0.646308601,0.512708068,0.729959488,0.366866082,0.346475899,0.72367835,0.404451966
1,0.451443613,0.201493219,-0.688902497,0.462578714,0.190134257,-0.654028893,0.469905674,0.19017145,-0.65401572,0.478331685,0.190163195,-0.653922439,0.438581795,0.188923955,-0.65493083,0.429310024,0.1885432,-0.654928386,0.420751065,0.188445538,-0.654935896,0.487865984,0.194607347,-0.419223249,0.409225792,0.194860756,-0.425590843,0.46410951,0.215712756,-0.59973675,0.435052246,0.215750173,-0.601281285,0.552922308,0.272471607,-0.259207696,0.352374166,0.27401799,-0.264822453,0.585077405,0.360153943,-0.133779615,0.321915805,0.368301988,-0.196983889,0.580089867,0.445083052,-0.328448623,0.313624263,0.449791729,-0.399189919,0.583095968,0.473220974,-0.39273867,0.307004452,0.475193799,-0.468422353,0.569251895,0.47235775,-0.463924229,0.320007235,0.475107044,-0.539177358,0.564472556,0.464383036,-0.358900338,0.325120866,0.468214273,-0.431480914,0.506852031,0.457956403,-0.000260159,0.389400482,0.453486264,3.23E-05,0.507993996,0.589786172,0.010994153,0.366980076,0.585990369,0.075352564,0.498527497,0.683091879,0.536703646,0.367764235,0.675152481,0.579365432,0.485087633,0.692259431,0.573867083,0.377519935,0.68225807,0.616327703,0.513009012,0.730102539,0.327229887,0.346315563,0.723876357,0.371470332
1,0.449698776,0.202662677,-0.70745486,0.460325867,0.191431761,-0.67294693,0.468070865,0.191430479,-0.672936857,0.476361752,0.19131121,-0.672846735,0.436915338,0.190594852,-0.674429774,0.427488953,0.190185368,-0.674432218,0.418844193,0.190166235,-0.674453497,0.486418039,0.195342094,-0.435594946,0.4072074,0.196304858,-0.444536984,0.462599128,0.216818139,-0.616803825,0.433295131,0.216771916,-0.619074643,0.551794887,0.272060037,-0.267349631,0.351499408,0.274163783,-0.28195852,0.584968269,0.36119774,-0.137707308,0.321370274,0.369282186,-0.211361647,0.579553306,0.446027368,-0.33459875,0.313062429,0.451324075,-0.410000265,0.583451629,0.47334975,-0.399561197,0.306671023,0.476192772,-0.480062515,0.56924516,0.472728342,-0.471391946,0.32008934,0.475987345,-0.550953329,0.564054668,0.465051025,-0.365371287,0.325571239,0.469131082,-0.441958249,0.506759346,0.457514673,0.001538363,0.389299572,0.453952491,-0.00175434,0.506146848,0.589755714,0.017820539,0.365956277,0.586285293,0.081497826,0.498809546,0.683139086,0.549660742,0.368263334,0.674503565,0.602004707,0.485306323,0.692105114,0.587754488,0.378598988,0.681275845,0.641193509,0.512388229,0.730711162,0.343599141,0.346462131,0.723875582,0.400262296
1,0.446537197,0.204663485,-0.703901052,0.458019555,0.192785054,-0.670087039,0.465256572,0.19270584,-0.670078099,0.473937154,0.192650765,-0.669994175,0.433454692,0.19133091,-0.670969725,0.424067527,0.190778762,-0.670965075,0.41569221,0.190441579,-0.670976937,0.484588206,0.196633965,-0.434198856,0.405171126,0.195860028,-0.440524369,0.459933043,0.218668148,-0.613554776,0.430730432,0.218637034,-0.61508292,0.550593734,0.272784173,-0.26900208,0.348864108,0.275279641,-0.275024951,0.582533419,0.361309946,-0.142488316,0.318610728,0.370173037,-0.210724637,0.578948259,0.446552694,-0.336160332,0.312081844,0.45116806,-0.420669079,0.582880914,0.47444272,-0.401403695,0.305467397,0.476804495,-0.491079658,0.567996264,0.473992109,-0.472841889,0.318571419,0.47662282,-0.56163913,0.562850058,0.466447264,-0.366407067,0.323311001,0.469766229,-0.452817947,0.506301403,0.459408462,0.000308367,0.38951382,0.455374002,-0.000481598,0.508295238,0.591073751,0.018992914,0.367084503,0.587529182,0.099984176,0.499253154,0.683776617,0.541913092,0.367789,0.676650763,0.605149508,0.485565573,0.692884445,0.578757346,0.378103375,0.684461117,0.641997337,0.513091922,0.730450511,0.332382053,0.345596522,0.725115061,0.39529562
1,0.447286695,0.204341978,-0.682250381,0.459084928,0.19291845,-0.64629966,0.466938049,0.192867935,-0.646344841,0.474855691,0.192864805,-0.646312773,0.434727311,0.192250252,-0.648466825,0.425114959,0.191674501,-0.648451626,0.416724682,0.1914379,-0.648486137,0.485208809,0.196668983,-0.402348697,0.4043504,0.195849866,-0.414444149,0.46009472,0.218406707,-0.588672996,0.432420462,0.218476817,-0.592005491,0.547377467,0.273031771,-0.237367585,0.348193139,0.275276423,-0.240409464,0.577869773,0.36116004,-0.118189804,0.314619303,0.369000047,-0.168000653,0.57840389,0.44472295,-0.328235984,0.310935616,0.448967785,-0.381032676,0.583589852,0.473423094,-0.396695107,0.303876966,0.475947201,-0.450494587,0.568656385,0.473111808,-0.471090406,0.31811434,0.475759923,-0.525481641,0.563127279,0.465410531,-0.360346317,0.322679758,0.468942016,-0.414936185,0.511186361,0.456911176,3.16E-05,0.393318146,0.454083979,-0.000137078,0.515902758,0.590986013,-0.004451896,0.369869351,0.590028524,0.055989806,0.501213014,0.681618392,0.551364362,0.367438972,0.681351244,0.576390207,0.487128884,0.690252542,0.591511369,0.377788126,0.689387739,0.614206374,0.516276956,0.728218675,0.34514904,0.342223614,0.72843504,0.362426728
1,0.44402191,0.203361705,-0.680494428,0.456183612,0.191343009,-0.645491362,0.464271873,0.191470742,-0.645534039,0.472061485,0.191660434,-0.645484507,0.430691481,0.18986091,-0.647415996,0.420991868,0.189568758,-0.647395253,0.412760317,0.189600825,-0.647420943,0.48228243,0.195142597,-0.407070488,0.400535256,0.195182085,-0.417110771,0.457470238,0.217428401,-0.588927746,0.428294063,0.216689825,-0.591680229,0.545851827,0.273625612,-0.244558603,0.345634103,0.276270539,-0.244579449,0.579178929,0.36070776,-0.117543012,0.316663146,0.371212065,-0.16750598,0.579732299,0.443777978,-0.318970263,0.311013937,0.452142805,-0.373752415,0.584464371,0.472612053,-0.385872155,0.306156486,0.478060186,-0.441821069,0.570072591,0.472247541,-0.459008336,0.319127023,0.477728754,-0.518259764,0.564004302,0.464706331,-0.350200057,0.32324478,0.47120142,-0.407946408,0.505056381,0.458027899,-0.004937101,0.388504207,0.454686731,0.00480609,0.511287928,0.590390205,-0.000756329,0.366896391,0.587994099,0.085731313,0.502319813,0.682641566,0.535228789,0.368380487,0.680625081,0.588256776,0.48908174,0.69135499,0.572880447,0.37880224,0.688637435,0.624412,0.510942817,0.729102731,0.321754873,0.346977293,0.72879684,0.372552246
1,0.444030792,0.204384521,-0.733147919,0.455813169,0.192268133,-0.698506951,0.464080393,0.192230612,-0.698515713,0.471882701,0.192367345,-0.698439837,0.430560142,0.191846311,-0.701269567,0.420593977,0.191564769,-0.70124197,0.412484944,0.191555738,-0.701256037,0.48235482,0.195617497,-0.455509812,0.399403542,0.195931524,-0.47005254,0.457542598,0.218441159,-0.639585555,0.428157479,0.217622161,-0.643549502,0.547299325,0.27473104,-0.281655192,0.343348026,0.277885079,-0.292993367,0.578443706,0.363183618,-0.143634602,0.311961055,0.373326451,-0.217196226,0.578380346,0.445448637,-0.333852559,0.309071809,0.45311594,-0.417316109,0.58444196,0.474609762,-0.397894174,0.304608077,0.479121685,-0.483937114,0.569317341,0.473415047,-0.470193833,0.317978323,0.478681862,-0.558361053,0.56216228,0.466585547,-0.364042312,0.322018266,0.472269148,-0.450413972,0.505168676,0.459297836,0.002218296,0.388197213,0.456465185,-0.002336282,0.512828588,0.590985239,0.022602102,0.367787689,0.589099884,0.102933526,0.503627181,0.683753788,0.563004851,0.369571418,0.679540873,0.623079062,0.488338143,0.692030728,0.60122931,0.378910989,0.685956061,0.66160512,0.51582092,0.730083108,0.347675413,0.349304467,0.727202177,0.410974801
1,0.44107005,0.204803377,-0.733778715,0.452757269,0.192573756,-0.698466122,0.461206704,0.192602098,-0.698471308,0.46897769,0.192795545,-0.698407948,0.427564949,0.191937387,-0.70113045,0.417695165,0.191581309,-0.701123357,0.40937677,0.191497743,-0.701140463,0.479690433,0.195973366,-0.452883542,0.396299779,0.195781052,-0.467379093,0.454238921,0.219184071,-0.639403641,0.425348401,0.217987254,-0.643307626,0.545366347,0.274729311,-0.278879941,0.340940565,0.27779454,-0.295309514,0.577639401,0.363297224,-0.146324292,0.310046375,0.374319196,-0.231205672,0.57732898,0.444434583,-0.341037273,0.308402061,0.453854322,-0.43865183,0.58332175,0.474013865,-0.405801445,0.303633988,0.479970068,-0.508291006,0.568743408,0.472988367,-0.4773224,0.317560941,0.479061663,-0.579910696,0.561273098,0.466210455,-0.371079028,0.321997881,0.472934335,-0.47077921,0.502878189,0.459593952,0.002611267,0.385468662,0.457269371,-0.002812882,0.509541035,0.590426922,0.017787276,0.363321722,0.588846564,0.084614523,0.50130713,0.680738807,0.581876636,0.371947169,0.674453378,0.649995565,0.486726582,0.688711882,0.62358427,0.382064015,0.679742694,0.694459081,0.514030337,0.728968024,0.379807234,0.348350674,0.723999023,0.459474355
1,0.436394811,0.20437327,-0.664647162,0.447987825,0.19224143,-0.629149437,0.456040353,0.192206293,-0.629176497,0.463862449,0.192279071,-0.629121482,0.422780484,0.191286683,-0.631812871,0.413399279,0.191095114,-0.63179332,0.405299962,0.191102237,-0.631819725,0.473682404,0.195935816,-0.393705547,0.39331615,0.196760774,-0.407906115,0.450202167,0.218323499,-0.574865341,0.421293348,0.217620224,-0.578695655,0.54185009,0.274681211,-0.24114579,0.337649196,0.277830243,-0.249714494,0.57282418,0.36320442,-0.124849036,0.308776557,0.374571234,-0.193388522,0.574114144,0.445238829,-0.330038905,0.307117581,0.454308808,-0.395389825,0.580923498,0.47519058,-0.397666097,0.302217007,0.480299175,-0.465888768,0.565955818,0.473970324,-0.469077736,0.316103548,0.47940889,-0.535775185,0.558655024,0.466861784,-0.360876799,0.320715219,0.473164231,-0.427303284,0.501591742,0.458455861,-0.001849891,0.383396178,0.456835568,0.001670004,0.508901119,0.591141522,-0.004275432,0.362105995,0.586917996,0.076774977,0.500282288,0.679996312,0.556660235,0.369733185,0.673734188,0.615515292,0.485359222,0.687060893,0.598423481,0.380413532,0.680019557,0.657234728,0.5131827,0.728491366,0.357454509,0.346066862,0.722983479,0.420242518
1,0.434011251,0.20497641,-0.667913795,0.446261436,0.193343759,-0.632049263,0.453671992,0.193303883,-0.632051826,0.461791098,0.193301886,-0.631955564,0.420339197,0.192314357,-0.634408176,0.410924733,0.191897273,-0.634382606,0.402772397,0.191891879,-0.634389877,0.471390605,0.196981937,-0.395559043,0.389786035,0.19721359,-0.408596426,0.448154986,0.218909293,-0.578027844,0.418634236,0.218807176,-0.581507981,0.538719416,0.274550915,-0.241625398,0.334623009,0.278477818,-0.247301668,0.570019484,0.362604529,-0.113419965,0.306508273,0.375453949,-0.184845611,0.571968317,0.445367187,-0.302148342,0.305204332,0.456518739,-0.375498801,0.578097463,0.475016207,-0.365325242,0.300693095,0.482198149,-0.441584945,0.563749731,0.473884523,-0.436376244,0.315629154,0.481688321,-0.510563731,0.556692958,0.466957003,-0.332423031,0.321109444,0.475225985,-0.406480074,0.501703441,0.459757864,-0.002972277,0.383278072,0.458431065,0.002798291,0.510984242,0.589483619,0.01305387,0.365534335,0.587965012,0.090818562,0.504465342,0.682088315,0.562298715,0.369913489,0.678107023,0.594040275,0.491286397,0.690636098,0.60257113,0.378763527,0.684809923,0.631917179,0.51730293,0.727693975,0.360027045,0.34548682,0.72609365,0.389642
1,0.43354255,0.207220465,-0.664925814,0.44566524,0.194795668,-0.628708005,0.452790141,0.194657773,-0.628738105,0.460495591,0.194594324,-0.628674984,0.419549227,0.19401741,-0.632649601,0.409655213,0.193686247,-0.632637382,0.401438743,0.193756342,-0.63265413,0.469135076,0.197835773,-0.387314767,0.387888044,0.198699236,-0.407816917,0.447018474,0.220854014,-0.572626829,0.41742444,0.221263051,-0.57827878,0.535816252,0.274290085,-0.232223809,0.332123429,0.279382646,-0.245307028,0.570335627,0.360982537,-0.122084364,0.303444147,0.375106573,-0.195260152,0.571298599,0.443122387,-0.341639668,0.303812683,0.454696715,-0.409077972,0.578385592,0.472970784,-0.411271214,0.29933545,0.48144269,-0.481321067,0.563448191,0.47194761,-0.482632011,0.312613785,0.480507135,-0.551114917,0.55594945,0.463755548,-0.372677118,0.317327261,0.474283606,-0.441020131,0.500706017,0.45799762,-0.001324911,0.380753279,0.457887083,0.001154402,0.509700894,0.588357627,0.015869332,0.362339139,0.587747693,0.099571109,0.502622962,0.678255379,0.574371994,0.369983941,0.676168501,0.621527016,0.488030106,0.685515106,0.61606884,0.379804015,0.682931662,0.661011636,0.515713215,0.726620197,0.373352349,0.346606284,0.723770022,0.414683759
1,0.430729985,0.207963973,-0.628666222,0.443220228,0.195805937,-0.592997074,0.450085759,0.195623517,-0.593023002,0.458077163,0.195474923,-0.592949688,0.417232841,0.194871008,-0.596319079,0.407362998,0.194254845,-0.596282363,0.39929834,0.193919957,-0.596284509,0.46700561,0.19859454,-0.35733211,0.385919958,0.19807446,-0.374633819,0.44472757,0.221708685,-0.538674355,0.414861947,0.22203216,-0.54340446,0.532870173,0.273192763,-0.214019641,0.328933507,0.279113293,-0.218304828,0.568830192,0.359381676,-0.11199116,0.301387221,0.375362664,-0.170315593,0.570000887,0.44164139,-0.330660582,0.303064138,0.456818968,-0.378470302,0.576956868,0.471267521,-0.400671631,0.298709393,0.482964933,-0.449896365,0.561718345,0.470223725,-0.4708184,0.312865943,0.482273489,-0.517945111,0.554231226,0.461916387,-0.361493289,0.31824255,0.47595048,-0.409875989,0.50163126,0.459223896,-0.00477895,0.382249057,0.460107028,0.004636638,0.510981441,0.588951111,0.010847323,0.366556346,0.588620663,0.090360709,0.504445434,0.678253531,0.58192724,0.369876087,0.675209999,0.60316807,0.489431411,0.685817719,0.625281096,0.379167438,0.682958603,0.642180741,0.515947819,0.7253896,0.386924714,0.346103787,0.724308908,0.399260163
1,0.428188801,0.206700236,-0.649106562,0.439471304,0.194068432,-0.613500953,0.446132153,0.193992466,-0.613556325,0.453593105,0.193956137,-0.613523781,0.413105845,0.193691224,-0.617624283,0.403512657,0.193594038,-0.61759609,0.39586249,0.193826258,-0.617615223,0.460915893,0.197327316,-0.372898698,0.381947935,0.199517667,-0.393502384,0.442499667,0.219784766,-0.556595027,0.412237138,0.220363542,-0.562280774,0.531466603,0.273914695,-0.224055931,0.326625109,0.28004387,-0.228500426,0.567040324,0.360278904,-0.14157638,0.296839952,0.374709308,-0.166899487,0.570150495,0.441518933,-0.395161957,0.299040377,0.456983745,-0.361664444,0.577410221,0.470258951,-0.470888048,0.292163253,0.484086931,-0.430308372,0.560480297,0.468347877,-0.541970074,0.306895912,0.483128697,-0.50323993,0.553030193,0.459434688,-0.427280098,0.311781466,0.476967573,-0.394358307,0.501512349,0.459001631,-0.004832031,0.380780101,0.460258543,0.004716626,0.510747552,0.589433193,-0.001063666,0.361336678,0.590162098,0.098012298,0.503800869,0.68211484,0.539819896,0.366381764,0.676934719,0.619403601,0.489927709,0.690493822,0.579216421,0.379187703,0.684191585,0.658421218,0.520135164,0.726349413,0.336067617,0.342923552,0.723508239,0.417063147
1,0.424928755,0.208206296,-0.625920177,0.436599642,0.196048588,-0.591609657,0.443049073,0.195770264,-0.591644168,0.450319201,0.195367515,-0.591571569,0.410980254,0.195662528,-0.595543385,0.40148592,0.195273161,-0.595515907,0.393728584,0.195069432,-0.59553951,0.458553702,0.198412001,-0.359730452,0.380045444,0.199464768,-0.379930705,0.439306289,0.221186236,-0.536941111,0.409413964,0.222263053,-0.542421043,0.528124452,0.272673249,-0.217620194,0.323523253,0.280023873,-0.225864828,0.562306643,0.358961016,-0.132030338,0.293438137,0.375687093,-0.178654477,0.566326737,0.439918369,-0.369908452,0.296954155,0.457350969,-0.376387566,0.572649121,0.46891126,-0.441693485,0.291772634,0.484837621,-0.444896907,0.557759166,0.467403829,-0.51173538,0.306847155,0.484133303,-0.514590383,0.550646544,0.458669335,-0.401382059,0.31157282,0.477551699,-0.407971263,0.500054598,0.458491981,-0.004627994,0.380677044,0.460214555,0.004508656,0.509970903,0.589477897,0.021424064,0.364299506,0.588792026,0.101670817,0.502403617,0.679619908,0.553393006,0.36932987,0.676893115,0.594336867,0.48859787,0.687581718,0.592278957,0.380029649,0.684253335,0.630755126,0.517085612,0.724204481,0.357822716,0.344552159,0.72400856,0.392735302
1,0.425107628,0.208078474,-0.668348312,0.435107768,0.195742011,-0.633017898,0.441605449,0.195385218,-0.633031905,0.449038535,0.195034951,-0.632963777,0.410958648,0.195655376,-0.637328506,0.401377708,0.195261598,-0.637350559,0.392837554,0.19517073,-0.637393951,0.455692768,0.197925091,-0.392797202,0.377744287,0.19963181,-0.416480243,0.438021302,0.220997289,-0.576336086,0.409766823,0.222044185,-0.582794309,0.527314901,0.273571104,-0.242055431,0.320828617,0.281572819,-0.244606256,0.558928192,0.360026062,-0.136352822,0.292207658,0.376676202,-0.166752294,0.561835289,0.439699024,-0.364130199,0.29503715,0.457742929,-0.349704683,0.568512797,0.468261003,-0.433400571,0.286336988,0.484993041,-0.414033115,0.555816174,0.466281325,-0.503344417,0.302670896,0.484023482,-0.484409064,0.548450172,0.457613379,-0.39538601,0.308601141,0.477632701,-0.381161958,0.504903138,0.457358778,-0.001702506,0.383172899,0.461213052,0.001482914,0.510836005,0.584360361,0.036025304,0.370301515,0.586407483,0.082159854,0.505860209,0.674764156,0.58719629,0.364327312,0.676936388,0.57184279,0.494805366,0.683588803,0.628438473,0.374120235,0.685257077,0.607687414,0.519073844,0.720799804,0.393316448,0.344397932,0.725647628,0.358932406
1,0.423841298,0.208559275,-0.687470138,0.433868587,0.195920318,-0.651530147,0.440463632,0.195666134,-0.651526153,0.448338836,0.195445985,-0.651413143,0.408734143,0.196139008,-0.658808768,0.398546696,0.196108192,-0.658781052,0.390699923,0.19629249,-0.658782542,0.455411434,0.198290586,-0.407038003,0.375924885,0.200933173,-0.445189357,0.437868953,0.22168541,-0.59366858,0.40792194,0.222127244,-0.604115427,0.526209652,0.273328185,-0.239837885,0.320448041,0.283304989,-0.286636204,0.562918842,0.358621299,-0.122375235,0.291883349,0.378263772,-0.234169468,0.566772401,0.438415587,-0.342384547,0.293799698,0.458108902,-0.429735512,0.574433088,0.466905415,-0.409516573,0.284467041,0.485191017,-0.497026473,0.55848372,0.465065628,-0.481518865,0.300565064,0.4841519,-0.569273949,0.550171494,0.455836833,-0.373861909,0.306363523,0.477856457,-0.461788356,0.505026281,0.456881434,0.015007493,0.387450099,0.460777938,-0.015149804,0.516159475,0.584875464,0.094097234,0.372322917,0.585140467,0.105772965,0.502035916,0.678562045,0.582272053,0.367772579,0.679734945,0.578147292,0.486894518,0.688897312,0.616301298,0.374590546,0.689033985,0.612157404,0.528469682,0.722006381,0.385199666,0.346319437,0.726510406,0.375204116
